scheme,max_increment,strictly_dissipative,Emod_initial,Emod_final
cn,-2.698571688e-08,1,1.75062991,-0.01193283881
sav,1.170654361e-06,0,1.75062991,-0.1337347691
